Reference;category
XFQ9CP;WELLNESS
KTDZY0;COSMETICS
U95NWB;MEN_GROOMING
Q164T6;COSMETICS
RN2DSQ;FRAGRANCES
5P4LRT;BABY_CARE
1JT1XB;SKINCARE
EAJXUV;COSMETICS
ASG1IT;ORAL_CARE
1D2ILZ;ORAL_CARE
YRRNGL;PERSONAL_HYGIENE
Z8KPP8;BABY_CARE
AX7BJ8;SKINCARE
QVFB0Q;WELLNESS
ZX6MUV;FRAGRANCES
NM6C73;ORAL_CARE
F0P5OQ;WELLNESS
AB9XBU;BABY_CARE
2Z7ZEP;SKINCARE
RAUDQ6;SUN_CARE
I2B1FH;SUN_CARE
M8W7TS;WELLNESS
JWTWL1;COSMETICS
2LPO6D;SUN_CARE
WGHG3L;HAIRCARE
IYV9SV;BABY_CARE
CVU3QV;FRAGRANCES
8BSFSA;HAIRCARE
4ILN0A;MEN_GROOMING
6NDM0O;SKINCARE
HI2X6U;HAIRCARE
IYLV38;SUN_CARE
DGAONE;FRAGRANCES
NJVZEL;HAIRCARE
1ENECA;SUN_CARE
ADT9MG;SUN_CARE
EBKM6C;PERSONAL_HYGIENE
TNZ1OO;FRAGRANCES
A19092;WELLNESS
9VBE59;MEN_GROOMING
PP9DNA;HAIRCARE
05W6TK;PERSONAL_HYGIENE
JCIIEB;FRAGRANCES
UU4A1K;ORAL_CARE
D8AMD3;ORAL_CARE
32ZKOX;BODY_CARE
X0HH8Y;ORAL_CARE
QP56BU;COSMETICS
F29V5I;HAIRCARE
ETU70R;SKINCARE
8N10W9;BABY_CARE
GPBMZJ;SKINCARE
V6K6JX;FRAGRANCES
6MKIC6;ORAL_CARE
E5CISL;MEN_GROOMING
BLJLMQ;BABY_CARE
YN8OHN;BABY_CARE
JHSQHS;ORAL_CARE
W518XY;BODY_CARE
UNPPMJ;ORAL_CARE
WH1BJI;MEN_GROOMING
5HQR89;ORAL_CARE
RBKNR4;COSMETICS
WRRW1W;SUN_CARE
56TC1Z;WELLNESS
YE890X;HAIRCARE
IAKTYD;WELLNESS
Y813MQ;FRAGRANCES
H1I7JZ;HAIRCARE
QTMT7N;MEN_GROOMING
NISP6K;ORAL_CARE
APQKWK;ORAL_CARE
B24J86;SUN_CARE
2T1DJM;MEN_GROOMING
O7TSVL;COSMETICS
9S4AF8;SKINCARE
TAHFOD;ORAL_CARE
70EPUK;PERSONAL_HYGIENE
HCMI82;COSMETICS
HA0BOB;MEN_GROOMING
SSQFQA;SKINCARE
XSFSKX;SKINCARE
AKP0A7;PERSONAL_HYGIENE
066BOU;HAIRCARE
JU0ODD;BODY_CARE
PC1PMV;SKINCARE
A7MDBC;WELLNESS
S90CD9;COSMETICS
1A6YTA;COSMETICS
SY1DDY;SUN_CARE
IPGA7X;WELLNESS
JCNON3;HAIRCARE
QM2UH1;BABY_CARE
PZUF7K;MEN_GROOMING
TQBVRI;WELLNESS
O9YFO8;HAIRCARE
KZ5VR3;HAIRCARE
DSQXYR;BODY_CARE
JEGRCL;SUN_CARE
CST1KC;PERSONAL_HYGIENE
DF3KQM;WELLNESS
QXS5D1;MEN_GROOMING
AHR20O;ORAL_CARE
I1KDJ0;PERSONAL_HYGIENE
EA91CP;BABY_CARE
TB6WIP;SKINCARE
4E0KXI;COSMETICS
F73ZE1;BODY_CARE
M67GNC;SKINCARE
F98BNI;FRAGRANCES
9KZ6W1;COSMETICS
CU53FM;FRAGRANCES
SWN7AU;COSMETICS
I1X92B;COSMETICS
KUFVRI;MEN_GROOMING
0SJH1Z;HAIRCARE
7BU1V7;PERSONAL_HYGIENE
YMN5EM;ORAL_CARE
37VA62;MEN_GROOMING
9KHDG3;BABY_CARE
V7JUQL;FRAGRANCES
TNAHD4;BODY_CARE
JUUL5B;WELLNESS
H51IVV;SKINCARE
IYXV3Z;FRAGRANCES
ODZZLY;BODY_CARE
IJBSQT;SKINCARE
3LQL9L;ORAL_CARE
TBCCF7;MEN_GROOMING
TOENMT;COSMETICS
0LNUOV;BABY_CARE
02MRUH;FRAGRANCES
63KAC1;PERSONAL_HYGIENE
YKQY4X;PERSONAL_HYGIENE
SMMRK3;MEN_GROOMING
SVFO5S;WELLNESS
G8ASPE;BODY_CARE
TLFT43;ORAL_CARE
YF0X2Z;FRAGRANCES
ULG3QT;WELLNESS
XLTRGL;MEN_GROOMING
DNLEH7;FRAGRANCES
J3FI7N;FRAGRANCES
ZRCYSH;HAIRCARE
800OVF;SUN_CARE
8D9SAW;BODY_CARE
XUZJ74;PERSONAL_HYGIENE
CD1NU9;FRAGRANCES
SVJZKL;BODY_CARE
MLV9BR;FRAGRANCES
ZGYCSW;PERSONAL_HYGIENE
RUUOCB;WELLNESS
FJ25W1;HAIRCARE
HGXJD0;MEN_GROOMING
2OAVPY;SUN_CARE
D05ZS7;FRAGRANCES
5X8RAN;SKINCARE
O7AXAK;PERSONAL_HYGIENE
PY5UPB;SUN_CARE
HXQR4L;FRAGRANCES
6N3PKW;ORAL_CARE
EUMBM7;COSMETICS
YXGRMP;SUN_CARE
N6JU7C;MEN_GROOMING
6M2FJM;MEN_GROOMING
T3NVTG;HAIRCARE
122OKQ;SKINCARE
W25EZN;PERSONAL_HYGIENE
HOUJQN;HAIRCARE
K3YA1X;HAIRCARE
7GC57K;WELLNESS
JGP0ID;SUN_CARE
C5O9C9;MEN_GROOMING
8E9F1P;MEN_GROOMING
U8203G;PERSONAL_HYGIENE
UHYJ3A;SUN_CARE
4SD17H;PERSONAL_HYGIENE
EYEOXS;PERSONAL_HYGIENE
X31OGS;SKINCARE
XPZSZ1;PERSONAL_HYGIENE
IA7X1P;BABY_CARE
HOUGRO;BABY_CARE
UCRNWD;FRAGRANCES
69L9MX;MEN_GROOMING
HLOISD;BABY_CARE
84ABYS;BABY_CARE
VWXLZJ;FRAGRANCES
FQ53YY;BABY_CARE
9FWH2G;COSMETICS
EQQBND;SKINCARE
Z26SRT;BODY_CARE
VHQ356;PERSONAL_HYGIENE
UDF17E;WELLNESS
J2URNJ;WELLNESS
E2ES5Z;BABY_CARE
ZVUW6Z;FRAGRANCES
F7LULH;BABY_CARE
5MNTT7;BODY_CARE
Q50W5L;BABY_CARE
6WT73N;SUN_CARE
EO69NY;HAIRCARE
UMKYTJ;BABY_CARE
4E1WTK;HAIRCARE
AHSNWF;MEN_GROOMING
LXJQVG;SKINCARE
QOMHJ2;PERSONAL_HYGIENE
5P2MVG;MEN_GROOMING
5IXVJ1;SUN_CARE
