Reference,SKU
02MRUH,SKU64
05W6TK,SKU79
066BOU,SKU71
0LNUOV,SKU88
0SJH1Z,SKU71
122OKQ,SKU83
1A6YTA,SKU60
1D2ILZ,SKU82
1ENECA,SKU34
1JT1XB,SKU42
2LPO6D,SKU16
2OAVPY,SKU23
2T1DJM,SKU0
2Z7ZEP,SKU72
32ZKOX,SKU89
37VA62,SKU25
3LQL9L,SKU74
4E0KXI,SKU52
4E1WTK,SKU93
4ILN0A,SKU57
4SD17H,SKU67
56TC1Z,SKU6
5HQR89,SKU44
5IXVJ1,SKU21
5MNTT7,SKU72
5P2MVG,SKU30
5P4LRT,SKU33
5X8RAN,SKU27
63KAC1,SKU37
69L9MX,SKU18
6M2FJM,SKU74
6MKIC6,SKU12
6N3PKW,SKU97
6NDM0O,SKU63
6WT73N,SKU41
70EPUK,SKU4
7BU1V7,SKU52
7GC57K,SKU3
800OVF,SKU85
84ABYS,SKU14
8BSFSA,SKU25
8D9SAW,SKU85
8E9F1P,SKU61
8N10W9,SKU78
9FWH2G,SKU11
9KHDG3,SKU3
9KZ6W1,SKU31
9S4AF8,SKU96
9VBE59,SKU55
A19092,SKU69
A7MDBC,SKU34
AB9XBU,SKU81
ADT9MG,SKU39
AHR20O,SKU28
AHSNWF,SKU68
AKP0A7,SKU8
APQKWK,SKU87
ASG1IT,SKU2
AX7BJ8,SKU81
B24J86,SKU56
BLJLMQ,SKU84
C5O9C9,SKU2
CD1NU9,SKU47
CST1KC,SKU30
CU53FM,SKU10
CVU3QV,SKU17
D05ZS7,SKU1
D8AMD3,SKU32
DF3KQM,SKU15
DGAONE,SKU42
DNLEH7,SKU20
DSQXYR,SKU11
E2ES5Z,SKU50
E5CISL,SKU45
EA91CP,SKU1
EAJXUV,SKU11
EBKM6C,SKU15
EO69NY,SKU66
EQQBND,SKU83
ETU70R,SKU86
EUMBM7,SKU21
EYEOXS,SKU92
F0P5OQ,SKU40
F29V5I,SKU29
F73ZE1,SKU62
F7LULH,SKU95
F98BNI,SKU63
FJ25W1,SKU44
FQ53YY,SKU49
G8ASPE,SKU38
GPBMZJ,SKU6
H1I7JZ,SKU54
H51IVV,SKU8
HA0BOB,SKU22
HCMI82,SKU53
HGXJD0,SKU76
HI2X6U,SKU80
HLOISD,SKU55
HOUGRO,SKU45
HOUJQN,SKU60
HXQR4L,SKU67
I1KDJ0,SKU61
I1X92B,SKU15
I2B1FH,SKU69
IA7X1P,SKU0
IAKTYD,SKU98
IJBSQT,SKU89
IPGA7X,SKU9
IYLV38,SKU22
IYV9SV,SKU91
IYXV3Z,SKU56
J2URNJ,SKU39
J3FI7N,SKU87
JCIIEB,SKU80
JCNON3,SKU93
JEGRCL,SKU95
JGP0ID,SKU29
JHSQHS,SKU17
JU0ODD,SKU73
JUUL5B,SKU66
JWTWL1,SKU20
K3YA1X,SKU13
KTDZY0,SKU19
KUFVRI,SKU48
KZ5VR3,SKU7
LXJQVG,SKU77
M67GNC,SKU27
M8W7TS,SKU19
MLV9BR,SKU14
N6JU7C,SKU5
NISP6K,SKU65
NJVZEL,SKU64
NM6C73,SKU91
O7AXAK,SKU94
O7TSVL,SKU75
O9YFO8,SKU49
ODZZLY,SKU10
PC1PMV,SKU68
PP9DNA,SKU70
PY5UPB,SKU50
PZUF7K,SKU12
Q164T6,SKU58
Q50W5L,SKU62
QM2UH1,SKU59
QOMHJ2,SKU43
QP56BU,SKU16
QTMT7N,SKU46
QVFB0Q,SKU82
QXS5D1,SKU54
RAUDQ6,SKU75
RBKNR4,SKU1
RN2DSQ,SKU4
RUUOCB,SKU35
S90CD9,SKU31
SMMRK3,SKU70
SSQFQA,SKU23
SVFO5S,SKU16
SVJZKL,SKU28
SWN7AU,SKU32
SY1DDY,SKU57
T3NVTG,SKU31
TAHFOD,SKU46
TB6WIP,SKU51
TBCCF7,SKU26
TLFT43,SKU38
TNAHD4,SKU53
TNZ1OO,SKU41
TOENMT,SKU14
TQBVRI,SKU10
U8203G,SKU78
U95NWB,SKU24
UCRNWD,SKU36
UDF17E,SKU13
UHYJ3A,SKU20
ULG3QT,SKU32
UMKYTJ,SKU9
UNPPMJ,SKU77
UU4A1K,SKU92
V6K6JX,SKU37
V7JUQL,SKU90
VHQ356,SKU88
VWXLZJ,SKU86
W25EZN,SKU84
W518XY,SKU24
WGHG3L,SKU58
WH1BJI,SKU43
WRRW1W,SKU19
X0HH8Y,SKU5
X31OGS,SKU35
XFQ9CP,SKU13
XLTRGL,SKU51
XPZSZ1,SKU33
XSFSKX,SKU40
XUZJ74,SKU76
Y813MQ,SKU3
YE890X,SKU7
YF0X2Z,SKU79
YKQY4X,SKU99
YMN5EM,SKU90
YN8OHN,SKU18
YRRNGL,SKU36
YXGRMP,SKU47
Z26SRT,SKU59
Z8KPP8,SKU48
ZGYCSW,SKU26
ZRCYSH,SKU94
ZVUW6Z,SKU73
ZX6MUV,SKU65
